"word","score"
"distributor",-0.203790763929077
"cubesats",-0.199686160700273
"cam",-0.196616045897345
"lp",-0.187782366108184
"geostationary",-0.186269807263863
"jetties",-0.185699385369535
"multiplex",-0.185567425283162
"recharging",-0.185249147231958
"site",-0.182443174633793
"compartment",-0.179754649863129
"leasing",-0.17862805169099
"satellites",-0.17784702631401
"specification",-0.176048767697016
"recyclates",-0.175869436464836
"borehole",-0.173732952539457
"clipper",-0.173648536603163
"auction",-0.173219738983772
"manufacturer",-0.172713913802156
"ce",-0.172495182066728
"containers",-0.172021205772153
"nautical",-0.171393763584892
"diameter",-0.171059179506158
"voltage",-0.170490622823791
"components",-0.17002682717618
"twi",-0.169170038614268
"floodlit",-0.168484581921743
"microwave",-0.168400580599661
"connector",-0.168359537447933
"composites",-0.168027543599158
"floodlighting",-0.167929003753321
"satnav",-0.167767684468458
"listings",-0.167489285298921
"epc",-0.166397046287585
"hst",-0.166277529802352
"ev",-0.166252188421724
"frontage",-0.166104620719668
"disused",-0.165851221342483
"cableways",-0.165837872488536
"mooring",-0.16574153391581
"design",-0.165308584739254
"linacs",-0.165184709182418
"specifications",-0.164669961810386
"blythe",-0.16432007368149
"geospatial",-0.164180503685947
"moorings",-0.16408036298343
"acoustic",-0.163999317478648
"lafarge",-0.163909803652265
"showroom",-0.16350123589033
"designs",-0.163489888308761
"shelf",-0.163212567441202
"gsm",-0.163176310053943
"ashchurch",-0.163175853847146
"orkneys",-0.163097117201833
"orbit",-0.163056811118701
"crd",-0.162966472293148
"ac",-0.162963990168519
"backhaul",-0.162947321048915
"biomethane",-0.162824153944964
"subcontracts",-0.162372010075873
"footbridge",-0.162104637781944
"prototype",-0.161839373541416
"psbp",-0.161813556230382
"windmill",-0.161607771011623
"smartcard",-0.16160121423631
"whitley",-0.161412503997563
"kv",-0.161220276901772
"sailings",-0.160935147403754
"widths",-0.160792652265362
"beddingham",-0.160729266031777
"hydropower",-0.160385781247268
"motorway",-0.160343636485461
"celsius",-0.160221427950162
"spec",-0.160066062590416
"locomotives",-0.160064622810362
"transmitter",-0.160000182891894
"urc",-0.159797409113941
"offsite",-0.159769685617186
"dinorwig",-0.159638970158857
"aerodynamics",-0.159517653218612
"cobalt",-0.159424327823889
"pontoon",-0.159423032937309
"pec",-0.15937838254706
"hqs",-0.159070181139794
"carriage",-0.159017719523135
"frequencies",-0.158997632040849
"gds",-0.15888363164561
"quay",-0.158858799012083
"cabling",-0.158555508378455
"wastewater",-0.15848780558925
"forecourt",-0.158258781466117
"tramline",-0.158141336267238
"refill",-0.158125462743388
"cableway",-0.158114428735527
"batteries",-0.157976599195606
"ouse",-0.157870227805273
"waterfront",-0.157811041611541
"limestone",-0.157742371711089
"landing",-0.157740300317343
"cube",-0.157652642802569
"recyclables",-0.157635847779362
"chassis",-0.157460058938191
"feeder",-0.157417772108405
"depot",-0.157399745876699
"turbine",-0.157381462272496
"simulators",-0.157338479849687
"satellite",-0.15668658513249
"functionality",-0.156612476809799
"geely",-0.156604395805396
"voyager",-0.15655072298512
"workshop",-0.156543697311899
"charger",-0.156367228640592
"dials",-0.156180139010249
"dab",-0.156051783453197
"connectors",-0.155996520944148
"scanner",-0.155894863057429
"fleet",-0.155882264561368
"cramlington",-0.155866484523168
"westinghouse",-0.155791422576853
"blending",-0.155657040365084
"wakehurst",-0.155585219565817
"tile",-0.155570098036442
"latte",-0.155534035983232
"undergrounding",-0.155433957427573
"mca",-0.15541409607958
"subsea",-0.155377255136618
"fibre",-0.155348464592828
"roofing",-0.155257327394894
"location",-0.155133875836715
"mezzanine",-0.154741741527138
"composite",-0.154685505535128
"gigabit",-0.154652661696064
"hurn",-0.154600907930864
"cartridges",-0.154591604892771
"cl",-0.154564569666764
"circuits",-0.154360590859029
"bbl",-0.154312864138966
"leased",-0.15427368820882
"tbc",-0.154211582188471
"js",-0.154175428285675
"termini",-0.15401904903657
"switches",-0.153997916867817
"interconnecting",-0.153971368679309
"itt",-0.153890324744878
"whickham",-0.15385346222422
"server",-0.15380281096309
"refurbishments",-0.153750145547395
"mptc",-0.153671681125088
"hydrogen",-0.153599378229937
"installation",-0.153536470216694
"afon",-0.15344082656569
"cfd",-0.153427429109118
"westlands",-0.153424155351706
"warehouse",-0.153309069236593
"depots",-0.153264979590555
"format",-0.153182473987578
"lighthouse",-0.153129620285516
"utilisation",-0.153089023264612
"manhole",-0.15307284434859
"upgrading",-0.153012083204449
"blackfriars",-0.152958611633083
"cp",-0.152902799040233
"condensing",-0.152823112021204
"campbeltown",-0.152715956690048
"biogas",-0.152708966219026
"astroturf",-0.152695755053065
"boatyard",-0.152621217104796
"kerbside",-0.152481040683603
"fabricators",-0.152479953090833
"hydro",-0.152468345601983
"sharpness",-0.152452874585327
"wolverton",-0.152382340660414
"software",-0.152346703077918
"multiplexes",-0.15229914516127
"whinwhistle",-0.152289448740258
"maglev",-0.152233122254385
"chargers",-0.152158031571943
"roadway",-0.1521220434881
"netpark",-0.15201754818419
"multipurpose",-0.151992245739481
"springfield",-0.151983438235493
"walkway",-0.151892968466307
"wick",-0.151865513086606
"consumables",-0.151814018725143
"store",-0.151719953600171
"radiator",-0.15170273246084
"floats",-0.151665982671726
"tamar",-0.151611843721515
"radars",-0.151602976449919
"spaceport",-0.151558544692015
"reactor",-0.151541460888725
"cepr",-0.151375303222053
"competefor",-0.151362878203162
"berth",-0.151276889561956
"spillway",-0.151244311956822
"directgov",-0.151242170198158
"biopharma",-0.151198341923256
"furnishings",-0.151151842901876
"marinas",-0.151043267523433
"tramway",-0.151028781094561
"flybe",-0.15093189942883
"lease",-0.150886129065335
"polyethylene",-0.150797005003263
"docks",-0.150775904288543
"tooling",-0.150750155374543
"refrigeration",-0.150733536992781
"refit",-0.150673929432508
"portobello",-0.150666230567924
"facility",-0.150646218330128
"megabytes",-0.150611420756971
"garrick",-0.150601975317719
"delft",-0.150588702126569
"supercomputer",-0.15057557596544
"sidings",-0.150522247009688
"herbarium",-0.150493128391921
"barnoldswick",-0.150439783910287
"lattice",-0.150423449785746
"cashes",-0.150413052543961
"sydenham",-0.15038741975457
"junction",-0.150338161320497
"ferry",-0.150250999806105
"engined",-0.150135428446931
"masterplan",-0.149972818646938
"walshford",-0.149969353517373
"initiators",-0.149933129687953
"mylostaccount",-0.149926570325795
"kingsway",-0.149870228642728
"fleets",-0.149793605835488
"cm",-0.14972079085152
"km",-0.149668591654599
"licenses",-0.14965883525766
"furniture",-0.149626335121516
"shoreside",-0.149475427728793
"tgv",-0.149471555793072
"poseidon",-0.1494540073477
"spacing",-0.14944245604515
"metres",-0.149424097009546
"flyer",-0.149382737158363
"alnwick",-0.149371665338091
"pharmacy",-0.149215204860136
"stavanger",-0.149177076775715
"dashboard",-0.149162397346448
"tonnage",-0.149155028191257
"saltash",-0.14915126820433
"ferries",-0.149143417425634
"dealership",-0.14904986272382
"methanol",-0.14902390099418
"spacecraft",-0.148974308935124
"foreshore",-0.148936151651041
"oilfield",-0.148828947754048
"billingsgate",-0.148805107956953
"bricklaying",-0.14878693346457
"tomography",-0.148775194037916
"sq",-0.148709915823341
"coed",-0.148703881133844
"penryn",-0.148562842500677
"shaded",-0.14856056468716
"fir",-0.148543487103394
"hangar",-0.148543093548377
"carriageway",-0.148523458684774
"grids",-0.148400899042317
"kwik",-0.148397649443413
"printer",-0.148377989009376
"oceanography",-0.148318013227564
"container",-0.148289856816079
"lakeside",-0.148190253866053
"radius",-0.148155533618295
"prototypes",-0.148030388887158
"weirs",-0.147997792228796
"jupiter",-0.147991455120169
"sonar",-0.147987619591403
"girders",-0.147962966704088
"plant",-0.14794789228118
"widgets",-0.147909722385945
"garon",-0.147812442706801
"octagon",-0.147729569551836
"navigation",-0.147653096828366
"paddock",-0.147573772845171
"simulator",-0.147303449298204
"situated",-0.147272192380277
"portion",-0.146994922848515
"comber",-0.146960671924743
"nndr",-0.146953341859297
"slots",-0.146923229825229
"isdn",-0.146923004143597
"curtilage",-0.146867969576716
"airfield",-0.146791659059073
"moc",-0.146771652490396
"esf",-0.146751002581691
"kw",-0.146738207030573
"nestles",-0.146662798980131
"valves",-0.146612301773983
"patrol",-0.146319631834932
"nantgarw",-0.146296923058178
"hereditament",-0.146278601305762
"upgrade",-0.146260716590001
"brunswick",-0.146257046297849
"scapa",-0.146235833278908
"minerva",-0.146206574864105
"servicing",-0.146199361348298
"infra",-0.14614686858204
"fm",-0.146018748860837
"jsf",-0.146017718865071
"hpb",-0.146000336546743
"juke",-0.145988266699119
"tugs",-0.145938001037327
"harwell",-0.14593571120269
"supergrid",-0.145903924631845
"goonhilly",-0.14571947690009
"mw",-0.145704370314829
"suite",-0.145683581599851
"waterworks",-0.145675900748172
"slot",-0.145663107620476
"wharves",-0.145628574717763
"embankment",-0.1455697624052
"lamp",-0.145543548527477
"atc",-0.145498373892285
"acre",-0.145486053376687
"priory",-0.145402719101619
"viaduct",-0.145289342580488
"skerne",-0.145188217412829
"shugborough",-0.145165213261704
"generator",-0.145080366520845
"navigations",-0.14493883179308
"pool",-0.144862786566744
"municipal",-0.144830659706714
"powershift",-0.144723759439122
"interconnector",-0.144705986590951
"ltd",-0.144705127913911
"grimethorpe",-0.144674499350433
"banded",-0.144652133511748
"lpg",-0.144613799600445
"modular",-0.144531680641044
"lime",-0.14451583728015
"hydroelectric",-0.144491679221993
"dummy",-0.144459112278418
"cannibalising",-0.144329387829717
"catchment",-0.144282615464505
"kilowatt",-0.144205044502214
"bacton",-0.14417620702971
"cheddar",-0.144168140701477
"selex",-0.14415281528567
"justgiving",-0.144115805396924
"pinchpoint",-0.144097180738766
"nova",-0.144079238683525
"wetherby",-0.144046228603423
"queensbury",-0.144008384195067
"footbridges",-0.143990755551503
"minis",-0.143951724338563
"jet",-0.143905148915206
"terminus",-0.143877003327202
"prittlewell",-0.143869381237183
"coors",-0.143805720134903
"hydrographic",-0.143761575715199
"ml",-0.143736488341161
"printable",-0.14372197941503
"tec",-0.143652001346336
"metre",-0.143639091261974
"company",-0.143638486026516
"towage",-0.143605674933488
"yacht",-0.143579880709673
"battery",-0.143561075737465
"sintering",-0.143534110444432
"cerner",-0.143511932119171
"whitechapel",-0.143502603670235
"tir",-0.143492145751913
"aeronautics",-0.14336192630432
"bluetooth",-0.143348093951299
"relyon",-0.143310646883936
"carphone",-0.143303754170173
"va",-0.143299663947324
"ft",-0.143276216407998
"navigational",-0.143275813955785
"barnstaple",-0.143178441369556
"trunk",-0.143139545029051
"whalebones",-0.143105812785783
"stovl",-0.143097604714974
"houseboats",-0.143013418417957
"sensor",-0.142988184216705
"trolleybus",-0.14297513916271
"farm",-0.142942386947904
"botanic",-0.142907801309652
"pds",-0.142871159481123
"separator",-0.14286939203747
"kiln",-0.142829329303128
"smets",-0.142798574111557
"entrance",-0.142758237328597
"hovercraft",-0.142616038190979
"smelter",-0.142551451108998
"mile",-0.142526655846673
"supermarket",-0.142381299109039
"beach",-0.142377976559698
"covering",-0.142320481730716
"feasibility",-0.142310411025631
"seaward",-0.142251642867244
"mira",-0.142224955227014
"remodelled",-0.142173731212311
"ipm",-0.142158454788172
"vertically",-0.142135789132324
"seeboard",-0.142127012903532
"lane",-0.142094285617549
"levy",-0.14205794203862
"distribution",-0.142051084383436
"tarting",-0.142044404539017
"heliport",-0.141955995611135
"cruising",-0.14195422745365
"gb",-0.141944304274132
"oakfield",-0.141923049432946
"aqueduct",-0.141848362275379
"ths",-0.141839138867543
"biogen",-0.141774998371235
"tonne",-0.141709087486715
"titanium",-0.141694678800142
"batches",-0.141689587753175
"vessels",-0.14164297973464
"stair",-0.141618332692108
"radiators",-0.141609291488888
"microcredit",-0.141542537147419
"bartley",-0.141536365580201
"bradwell",-0.141516367386131
"mhs",-0.141515653788513
"mirach",-0.141503025603444
"trails",-0.141405860040313
"pilot",-0.141364587385466
"usb",-0.141342606708465
"radial",-0.141308450811984
"postwick",-0.14129420661619
"sails",-0.141290441491825
"ceres",-0.141278988250244
"nmw",-0.141211609564927
"vhf",-0.141194365715792
"membrane",-0.141136843841355
"heysham",-0.141103478685286
"roc",-0.141097395121885
"surveying",-0.14104392976446
"cowes",-0.140983311174164
"freight",-0.140831720137363
"harcourt",-0.140816080600288
"jindivik",-0.140733229486787
"wessex",-0.140637099516932
"amusements",-0.140542638145931
"seating",-0.140522482446747
"carrier",-0.140461543311862
"aqua",-0.140434195752416
"ships",-0.140416961678735
"fen",-0.140392350478162
"ranges",-0.140378011072038
"yards",-0.140362076668152
"installed",-0.140299011600018
"bowland",-0.140295955577619
"fields",-0.140287986583762
"interconnectors",-0.140285763091014
"interchange",-0.140256210418591
"wellow",-0.140198045710785
"distributes",-0.14011696181449
"recyclate",-0.140103851245289
"terrace",-0.140089538133108
"cardboard",-0.140068599011701
"qashqai",-0.140053101480258
"tywyn",-0.140042472652393
"sainte",-0.140040851958815
"gms",-0.140033999138216
"ticketmaster",-0.140027317830918
"appliance",-0.139988712015706
"pendolino",-0.139970465288483
"heyford",-0.139950533346286
"stove",-0.139882122167523
"factsheet",-0.139866718037746
"allocates",-0.139836874541734
"grosvenor",-0.139828471696268
"leaded",-0.139767653873085
"hereditaments",-0.139750920132326
"auctions",-0.13972391754255
"rus",-0.139695353966513
"vessel",-0.139679600555195
"ansty",-0.139677740115369
"ws",-0.139660039059567
"located",-0.139609053155837
"stour",-0.139548661689094
"river",-0.139546045041381
"jetty",-0.139474005846444
"spaghetti",-0.139396841371618
"baglan",-0.139363756527494
"maes",-0.139322774644709
"atlas",-0.139314251957457
"telemetry",-0.139313045335241
"cylinder",-0.139305650471598
"cc",-0.139282956392934
"tankers",-0.139270473798953
"shoeburyness",-0.139270447069261
"flax",-0.139264458740321
"compostable",-0.139244958792015
"cabins",-0.139236773586186
"armament",-0.139152955954838
"font",-0.139151045319042
"manufactures",-0.139148179654403
"basins",-0.139042449626815
"alignments",-0.139010841183144
"trentham",-0.138986946759736
"dips",-0.138981045589175
"cary",-0.138980808300135
"widnes",-0.138968245709853
"sigma",-0.138955187820816
"marshalling",-0.1389512957134
"mynydd",-0.138949051798709
"cu",-0.138928179881375
"mast",-0.138922098432227
"via",-0.138910750598295
"aerodrome",-0.138901002850991
"blockchain",-0.138874885911824
"boreholes",-0.138869777378783
"multifunctional",-0.138869568899591
"tenders",-0.138831957671599
"bd",-0.138819313109095
"operator",-0.138810581590381
"exe",-0.138801684144643
"templates",-0.13875124883308
"electro",-0.138667159018811
"straddling",-0.13858608239788
"longton",-0.138576552081317
"tc",-0.138567519388621
"aquatics",-0.138551294512428
"sited",-0.138549676415195
"bude",-0.138526587447037
"harbour",-0.138490000251626
"railway",-0.138456846995613
"linear",-0.138455353840601
"refurbishment",-0.138411532337281
"whsmith",-0.138392808817723
"cfk",-0.138390637235928
"garage",-0.138386495293884
"delphi",-0.138362027761021
"endoscopy",-0.138321365643428
"tyre",-0.138313138408415
"compartments",-0.138311900541468
"goodwood",-0.138306513598411
"etv",-0.138261517152884
"garages",-0.138175387637051
"stipends",-0.138174268750956
"standby",-0.138048920091802
"capel",-0.138007178702355
"demountable",-0.137973987018908
"alresford",-0.137966883196219
"batch",-0.137876711760268
"southfields",-0.137824036399933
"installer",-0.137802593403747
"formats",-0.137798680688933
"api",-0.137790050999399
"basin",-0.137788279454252
"pirelli",-0.137726976159064
"vancouver",-0.137685084192051
"transmitters",-0.137680145323536
"thermal",-0.13767619824209
"mhz",-0.137662794757332
"hoists",-0.137653450038964
"automate",-0.137579562054028
"alternate",-0.13755274371614
"seafront",-0.137532067215724
"printers",-0.137530622475578
"electrolysis",-0.137518702036354
"clays",-0.137503960876368
"lamberhurst",-0.137488899573327
"magnetic",-0.137480480386209
"shelton",-0.137451512238493
"hops",-0.137434043219637
"refits",-0.137392281223292
"portals",-0.137376891262093
"quarried",-0.137358143959329
"cables",-0.137339347964895
"powertrain",-0.13733265818142
"unleaded",-0.137321029166528
"hpa",-0.137313208009127
"quartile",-0.137303066208172
"hectare",-0.137283139647798
"transformer",-0.137269129944053
"domains",-0.137220393055047
"hgv",-0.137204139069349
"decorating",-0.137186048468941
"mptcs",-0.137166077520413
"rebated",-0.137163692679078
"assay",-0.137153398716532
"outfall",-0.137083321209443
"earith",-0.137075116911564
"photonics",-0.137058286379259
"ris",-0.137032921628955
"rwe",-0.137031688647913
"absorbs",-0.136997214408066
"nanotechnology",-0.136931461560227
"terrestrial",-0.136915196188027
"dstl",-0.136898005805984
"crewing",-0.136897249430133
"ghz",-0.136888412291324
"network",-0.136872584742341
"brookside",-0.136869033424035
"grid",-0.136823301272535
"culham",-0.136813101635371
"yfa",-0.136808866403821
"mileage",-0.13680449486011
"duper",-0.136798327600711
"productions",-0.136794413540734
"computed",-0.136736315100987
"woodchurch",-0.136728569563712
"blackmoor",-0.136726874308197
"gen",-0.136620432529051
"bourton",-0.13658583016493
"coatings",-0.136580615646167
"hyundai",-0.136555404123963
"brean",-0.136548476927408
"variants",-0.136532775267929
"egremont",-0.136494331962611
"retractable",-0.136493082182433
"hednesford",-0.136479741681435
"priors",-0.136457149731614
"craft",-0.136430394945327
"dredgings",-0.136417362443348
"operators",-0.136373332952844
"layout",-0.136337211888154
"sawmill",-0.136332485655192
"pools",-0.136284156405857
"dtr",-0.136283863342217
"hamworthy",-0.136257062104251
"portaferry",-0.136235915618955
"rushenden",-0.136210377569411
"kiosks",-0.136173223713932
"spaceflight",-0.136172196500543
"locations",-0.136161439373968
"ingredients",-0.136148519346014
"gate",-0.136146296257852
"barkingside",-0.136145347825035
"cruise",-0.136116860793594
"frigate",-0.136108209929288
"henbury",-0.13610108039288
"transporter",-0.136081390301961
"sentinel",-0.136042684238648
"zebra",-0.136032582948346
"ulevs",-0.136023435185318
"northstowe",-0.136023000392482
"networked",-0.136009637660242
"concessionaire",-0.136004997517792
"floating",-0.135986484835746
"aerodromes",-0.135980427031205
"buoys",-0.135978132601407
"cycleway",-0.135977916504394
"station",-0.135962892284796
"installs",-0.135924512710814
"dupont",-0.135921914743889
"lagavulin",-0.135905843822475
"liskeard",-0.135900592946304
"telecommunications",-0.13587009536853
"towing",-0.135842102897283
"oulton",-0.135827068677115
"oyster",-0.135824399591021
"hectolitre",-0.135820942138882
"mrc",-0.135808455287544
"tipner",-0.135792383997275
"marden",-0.135789459396173
"flyover",-0.135770831109896
"mwe",-0.135754219423786
"dreadnought",-0.135727033953765
"trialling",-0.135695900069609
"pipeline",-0.135611090623771
"clay",-0.135609014811101
"accommodata",-0.13547243599708
"provisionally",-0.135440611381747
"seaham",-0.135408390491175
"purchased",-0.135392347542696
"pembury",-0.135387850711923
"oven",-0.135380492905509
"powered",-0.13535535220889
"willerby",-0.13535428266765
"wmik",-0.135335271233886
"amp",-0.135330705020202
"coins",-0.135324588783724
"concentrators",-0.135322523467543
"afan",-0.135280208599111
"horsforth",-0.135278840984535
"charts",-0.13527838162022
"innsworth",-0.135262358158439
"southbound",-0.135250481973774
"pv",-0.135191905890803
"bioethanol",-0.135174514689857
"kirknewton",-0.135158661896162
"wednesbury",-0.135098409436777
"smartcards",-0.135068058759323
"optical",-0.135046496580019
"elland",-0.135026890776201
"acorn",-0.135018533959966
"uel",-0.135003829874416
"snappily",-0.134988405990963
"biofuel",-0.134951022049515
"ukef",-0.134939687692714
"helix",-0.13490888815395
"shopmobility",-0.134906242049039
"customised",-0.134869222917552
"sensors",-0.134849100403683
"minibuses",-0.134834840170749
"unsold",-0.134831553859465
"egnos",-0.134823140290313
"railhead",-0.134819205774772
"berths",-0.13481738991174
"inn",-0.134812858066718
"aintree",-0.134811352938982
"pont",-0.134786937902199
"storey",-0.134765376806075
"archway",-0.134756325080395
"lithium",-0.134749100692158
"realigned",-0.134739447021191
"abutting",-0.134737726896782
"headland",-0.13472935644861
"odeon",-0.134706313416925
"wilton",-0.134651994871764
"replacement",-0.134640969765255
"alstom",-0.134617799449205
"ctf",-0.134603260236789
"phase",-0.134576938121199
"reactors",-0.134548190369501
"lifecycle",-0.134540603704361
"racks",-0.134534933450158
"polymers",-0.134518403043362
"roundabout",-0.134515488747528
"billing",-0.134512055210463
"electrically",-0.134476969113488
"treherbert",-0.134459159843815
"dotted",-0.13432231020752
"lcr",-0.134310863208705
"handsacre",-0.134307981308152
"haircuts",-0.134292995991337
"optic",-0.13426308678511
"cashpoint",-0.134260621108474
"antenna",-0.134250958860431
"thermostatic",-0.134229850886798
"untangling",-0.134203658070446
"netto",-0.134161434296194
"trundling",-0.134144752420916
"standardising",-0.134143545772081
"rotary",-0.134128153992239
"sandwich",-0.134120778996204
"entrances",-0.134109863022298
"factory",-0.134090549485482
"blf",-0.134017907086208
"ship",-0.134002711785155
"quayside",-0.134001144591619
"crags",-0.133997984398532
"mediacity",-0.133980548951382
"cougar",-0.133938854431226
"scanning",-0.133858295481341
"converting",-0.133831056716685
"deck",-0.133805622905845
"residences",-0.133778754767241
"bales",-0.133694634118071
"blandford",-0.133681925317689
"barge",-0.133666667696208
"workstream",-0.133600754152152
"skirting",-0.133508857897868
"cif",-0.133491353729129
"tops",-0.133476302854688
"organics",-0.133461086609944
"plasterboard",-0.133442944767138
"volvo",-0.133440540761578
"optometry",-0.133359816515697
"transporters",-0.133346213487875
"horseferry",-0.133323092260966
"wytch",-0.133293220527272
"grantown",-0.133283001764417
"lochs",-0.133278432300629
"ski",-0.133234873479611
"fishery",-0.133219357267069
"smart",-0.133198873618861
"larkhill",-0.133197574397673
"tw",-0.133183579075489
"acreage",-0.133158539611445
"meter",-0.1331197034482
"armouries",-0.1331148964983
"multimodal",-0.133052620600515
"franchised",-0.132962959907649
"promenade",-0.132959927357668
"stocking",-0.132939067215772
"farringdon",-0.132935881825078
"y",-0.132929734639457
"coleshill",-0.132927706637248
"longbenton",-0.132898075524814
"width",-0.132886469298198
"detachments",-0.132872122877359
"substations",-0.132857925190171
"vineyard",-0.132845308740162
"aca",-0.132818670698268
"approvals",-0.132773441979875
"polar",-0.132738208057494
"copernicus",-0.13271855452744
"stationers",-0.132695093707349
"commences",-0.13268585311685
"merlins",-0.132664119178867
"ep",-0.132636707943374
"ucl",-0.132636302851994
"aviemore",-0.132628819125126
"ated",-0.132619152704589
"premises",-0.132608054258903
"metrowest",-0.132595462480429
"holdings",-0.132560073774764
"fleetlands",-0.132540257356768
"glazing",-0.132517466570047
"cranes",-0.132512486595124
"thoroughfare",-0.132509607137571
"srb",-0.132500626356042
"slices",-0.132479789005992
"wisley",-0.132473151559213
"marlborough",-0.132452216022548
"murton",-0.132449638659736
"millbay",-0.132434411515972
"diagrams",-0.132380008764742
"plex",-0.132373770127644
"checker",-0.132338653671852
"kingsbury",-0.132315829496913
"trawls",-0.132277260448984
"loop",-0.132260248921321
"wissington",-0.132243462028394
"laban",-0.132226803501619
"caravan",-0.132219790827173
"boat",-0.132196074729508
"meridian",-0.132180489427398
"dishforth",-0.132154451956072
"offshore",-0.132123362527955
"supplier",-0.132114516117876
"travelator",-0.132077963770176
"caledonian",-0.132059610560217
"enhancements",-0.132022444765492
"mullard",-0.132018697132345
"sandfields",-0.132012660561513
"borthwick",-0.131985846128366
"bramham",-0.131953727258928
"band",-0.1319504656421
"ccus",-0.131928972685661
"rothesay",-0.131884995792704
"fridge",-0.131874215011257
"bsi",-0.131864488148632
"swanscombe",-0.131825331259784
"specs",-0.131811495583144
"pipework",-0.131751276362525
"treliske",-0.131730709549761
"andover",-0.131713520659509
"rocs",-0.131711754242972
"cinema",-0.131704505459594
"corgi",-0.131653833796613
"nickel",-0.131647032573525
"colindale",-0.131643360136114
"pods",-0.131614897053473
"trailer",-0.131602523017074
"parcs",-0.131577878888028
"helipad",-0.131577521914333
"flexi",-0.131572781328187
"thermometers",-0.13156902756983
"locomotive",-0.131564629431308
"standish",-0.131539686074979
"labs",-0.131446958463298
"biotech",-0.131444505532439
"puffin",-0.131439947237091
"purchase",-0.131391851879128
"trinity",-0.131364944996204
"franchisee",-0.131332229280182
"contactless",-0.131326437195836
"laboratory",-0.131319447374124
"complement",-0.131293512032379
"specialities",-0.131266812566767
"dock",-0.131266760342319
"gantries",-0.131263147491434
"bywater",-0.131259501129818
"production",-0.131236345466139
"micrograms",-0.131229931631538
"milan",-0.131196243922979
"javelin",-0.131187940194577
"alps",-0.131163217064221
"moorgate",-0.131159848998114
"equator",-0.131150695564967
"bs",-0.131132664816701
"severn",-0.131125965735839
"canopies",-0.131124756029265
"installing",-0.131124261657877
"freesat",-0.131079250200251
"rothamsted",-0.131073564738599
"ceramic",-0.131065109397898
"iter",-0.130984857607989
"center",-0.130973783043399
"smelting",-0.13097142944871
"electric",-0.13096163014247
"deposit",-0.130954467014946
"dfg",-0.130951581715351
"sites",-0.130951263273824
"canopy",-0.130934482219397
"brackley",-0.130934446197563
"l",-0.130926766436665
"raigmore",-0.130914824260209
"beeston",-0.130909282904553
"applecross",-0.130908144606247
"llanbedr",-0.130844399379282
"hamble",-0.13083648421865
"oakham",-0.130821876072185
"shanks",-0.13078942435598
"reformulated",-0.130775482484252
"interchanges",-0.130757155949944
"wimborne",-0.13073600093388
"mls",-0.130698710689043
"coolant",-0.13068104389189
"stretton",-0.130644150041261
"biodiesel",-0.130628737658159
"pprs",-0.130615956038104
"annexe",-0.130612157961501
"construction",-0.130604582426645
"oxygenation",-0.130555192695323
"glastry",-0.130555078452962
"crest",-0.130549209884559
"scoping",-0.130528907304881
"corridor",-0.130496104468874
"hfc",-0.130494650081234
"pevensey",-0.130481608321359
"nhbc",-0.130481593936663
"cores",-0.130474094279336
"teledyne",-0.130444403615407
"cil",-0.130440836374
"install",-0.13042701341631
"camper",-0.130378173476583
"wolseley",-0.130331047701865
"collection",-0.130316765157135
"dualling",-0.130314075415801
"deg",-0.130293930495355
"mound",-0.130273850565318
"horninglow",-0.13026137149728
"tranches",-0.130256984241
"cemex",-0.130222800388853
"collingwood",-0.130215678423482
"breydon",-0.130215660624082
"crombie",-0.130187416535317
"chailey",-0.130163265992892
"refurbishing",-0.130143039446029
"ornamental",-0.130122130087249
"nordisk",-0.130101295957759
"oxenholme",-0.130071815518289
"reusable",-0.130054168333071
"cws",-0.130054095196609
"telecommunication",-0.130053567321368
"isolus",-0.130053430604582
"catchments",-0.129960585807773
"wattage",-0.129921408350437
"modules",-0.129920169151761
"blackdown",-0.129907689344717
"menwith",-0.129900719208394
"hydraulic",-0.129791686121145
"trawl",-0.129706197013568
"ramps",-0.129701561103849
"returner",-0.129690546710736
"redeveloping",-0.129682136864885
"bovingdon",-0.129677386518045
"catford",-0.129651169389919
"mayflower",-0.129625873605003
"tetra",-0.129624869035284
"yale",-0.12960537402307
"wye",-0.129586569334342
"wireless",-0.129586553488709
"retrieval",-0.129557049681377
"auctioned",-0.129528414042639
"travelcard",-0.12951084713332
"crofton",-0.129510168395811
"countywide",-0.129509376343485
"midman",-0.129508681785442
"beccles",-0.129508132664464
"mb",-0.129500425308386
"lochalsh",-0.12949876062034
"rossall",-0.129451746369522
"corsham",-0.129447241760065
"chalkwell",-0.129438375586231
"smelters",-0.129435169730261
"crossing",-0.129403238081611
"rentals",-0.129343607420167
"acropolis",-0.129292852911779
"spey",-0.12926925644287
"sauna",-0.129260035391215
"newlyn",-0.129226255292199
"studio",-0.129215374463725
"trailers",-0.129140059821292
"snack",-0.129127938906106
"ramsgate",-0.129099274127538
"rigs",-0.129091249385117
"feedstocks",-0.128997429225651
"kirkstall",-0.128994390676171
"kirkwall",-0.128979688445605
"annexes",-0.128972399088707
"neon",-0.128927776250324
"existing",-0.128845591565856
"bca",-0.128834419184069
"consolidated",-0.128833965437398
"utilising",-0.128822514542338
"sells",-0.128819393881392
"bands",-0.128773288142805
"farrrs",-0.12877072341257
"boats",-0.128758224570392
"midway",-0.128754038849085
"wholesalers",-0.128752753793125
"shuttle",-0.128721402486042
"casc",-0.128640081745821
"cooneen",-0.128636306139927
"x",-0.128633026465304
"clubhouse",-0.128605675459847
"flyovers",-0.128601657091197
"boaters",-0.128590140097285
"workspace",-0.128581529706818
"eway",-0.128561119003851
"junctions",-0.128558799991233
"invoicing",-0.128543209464064
"routing",-0.128536704872061
"swan",-0.128525510536995
"portrush",-0.128506883015903
"telecoms",-0.128502680846753
"horizon",-0.128490882709658
"cone",-0.128490420979942
"centrex",-0.128480903102931
"dvla",-0.128470311117282
"azuma",-0.128465555571934
"bottling",-0.12840522172227
"tpe",-0.128405022505305
"hucknall",-0.128361278888363
"hmv",-0.12836094065904
"readings",-0.128301175188
"esfa",-0.128286994390173
"preesall",-0.128281283021797
"mint",-0.128274877016895
"athena",-0.128259342996444
"generators",-0.128243886259341
"ferrybridge",-0.128215183857454
"hicom",-0.128199147540032
"dbfo",-0.128192760727055
"imaging",-0.128185387197862
"computerised",-0.128166291120161
"solent",-0.12815319335266
"trundle",-0.128096646566227
"portree",-0.128077687043877
"trousered",-0.12807355825
"dispensers",-0.128073118335542
"stepup",-0.128051798237924
"gw",-0.1280435138742
"arterial",-0.128041784548099
"hills",-0.128040184764947
"pbo",-0.128034695423988
"densities",-0.128022872609696
"cobham",-0.128016765015692
"sfss",-0.128016165843399
"hanger",-0.127999474207474
"adjacent",-0.127992665157772
"lagu",-0.127977765371003
"eib",-0.127938392906166
"supplemental",-0.127937791480357
"upmarket",-0.127874505029715
"ecotricity",-0.127845665243388
"mba",-0.127845488546379
"curzon",-0.127834588254282
"tunnelling",-0.127825418678464
"polo",-0.127823896373963
"shortlisted",-0.127800380946373
"ports",-0.127786819760215
"nestled",-0.127753752937994
"pegasus",-0.127750407773629
"fairground",-0.127738744622052
"aerobic",-0.127738019272195
"configurations",-0.127727583613975
"snowdonia",-0.127683687847393
"trucks",-0.127671080111272
"laundry",-0.127627868922289
"watercourse",-0.127626821825045
"redevelopment",-0.127608291579245
"orbital",-0.127603429203153
"frontages",-0.127539938456408
"allocation",-0.127532203353318
"cytology",-0.127525312698314
"overlays",-0.127521922508453
"roller",-0.127514763900523
"alconbury",-0.127512845808797
"electronics",-0.127496720484385
"elasticities",-0.127491160374391
"renovations",-0.127483155214594
"radnor",-0.127470953773803
"torpoint",-0.127434278312149
"lotus",-0.127398316123679
"ridgback",-0.127384724648777
"molecules",-0.127379021649438
"pod",-0.127368767682891
"tranche",-0.12735541709502
"scour",-0.127328776246633
"cheyne",-0.127292116688807
"mfr",-0.127266948966997
"electrical",-0.127242439306966
"ppg",-0.127234270944435
"gwynt",-0.127212277523836
"mwh",-0.127211435835212
"woburn",-0.127185368539322
"sip",-0.127176074496164
"ajax",-0.127174493560376
"lawn",-0.127148900606078
"carriages",-0.127133303095521
"ticketing",-0.127125534077832
"ref",-0.127122401735154
"heater",-0.127114134724579
"omega",-0.127112204114625
"gateway",-0.127110340329975
"breakwaters",-0.127104319926435
"freshney",-0.127070669131578
"iep",-0.127050395622043
"calor",-0.127047414058098
"vertical",-0.127034666571118
"burscough",-0.127032577994211
"manufacture",-0.127032442291665
"squadrons",-0.127011042178709
"vivaro",-0.127006139847478
"unlisted",-0.127003766777226
"ecohomes",-0.126996336471539
"specialty",-0.126969754542792
"zoo",-0.126957410840604
"cola",-0.12690343313587
"domes",-0.12690263175258
"aggregated",-0.126898739113632
"shoreline",-0.12689267892547
"phases",-0.126861080871603
"operating",-0.126856698766753
"beam",-0.12685085737992
"sailing",-0.126847831226466
"reclamation",-0.12682432248605
"alvis",-0.126812203288119
"tor",-0.12680229640781
"distributors",-0.126798813253194
"airbags",-0.126793298285
"mowers",-0.126788867244878
"hinkley",-0.12678768431647
"bridge",-0.126777188657814
"ts",-0.126766912992896
"fraunhofer",-0.12675974308829
"footway",-0.126740228008725
"road",-0.126734654254021
"parkway",-0.126731071451072
"bmx",-0.12671725453979
"firelink",-0.126711079661235
"purfleet",-0.126706799384616
"astra",-0.126678628614631
"hatchery",-0.126663082322713
"chiltern",-0.126652572048007
"wetherspoon",-0.126648372554884
"consultancy",-0.126638278909239
"tunnel",-0.126632612830143
"cfc",-0.126613328252119
"whitstable",-0.126598718633229
"agrifood",-0.126593121837664
"equidistant",-0.126576697782475
"lifts",-0.12657023526006
"weymouth",-0.126569814464187
"semiconductor",-0.126566005135317
"iso",-0.126557721676063
"reservoirs",-0.126543830855464
"accesses",-0.1265389219138
"workstreams",-0.126528087162363
"jura",-0.126431113378362
"thameside",-0.126429942555806
"gosforth",-0.126429874991838
"biomass",-0.126428475408977
"columns",-0.126408762837363
"optimum",-0.126392749742846
"rooftop",-0.126386598715886
"mars",-0.126377534400538
"wh",-0.126365988070452
"porsche",-0.126364125008116
"nigg",-0.126362356702778
"casino",-0.126355846653769
"springfields",-0.126343492703303
"chalets",-0.126306152215144
"hulls",-0.126298196189264
"frieze",-0.126285575907378
"banknote",-0.126278724690625
"dene",-0.126255848789293
"requirements",-0.126217767687468
"ethanol",-0.126189545611853
"droitwich",-0.126188172011577
"lignite",-0.126181221725943
"plants",-0.126175164292147
"hotel",-0.126163082496729
"florists",-0.126153506422681
"notching",-0.126148795809183
"creek",-0.126148481552485
"propulsion",-0.126147709610144
"textiles",-0.126096746399945
"stores",-0.126042267535833
"photovoltaic",-0.126017959565044
"palladium",-0.126006691191365
"particle",-0.126003832598047
"sealand",-0.125987000971621
"charlbury",-0.12598589560174
"headquarters",-0.125979186873144
"lner",-0.125976280519745
"prostheses",-0.125961129151056
"gscop",-0.125958291320749
"estate",-0.125949919928969
"hypermarkets",-0.12594134391388
"entrant",-0.125914330101193
"dockyards",-0.125893125840586
"tractor",-0.12586654686726
"avonmouth",-0.125864415729409
"nutrient",-0.125838962472992
"bradgate",-0.125829911635716
"peppercorn",-0.125826723788811
"recyclable",-0.125825018212894
"oldbury",-0.125816418109097
"warehouses",-0.125799958799461
"emit",-0.125798443442693
"directorates",-0.125776911755798
"interiors",-0.125775085389714
"pso",-0.125759987443154
"cressing",-0.125745625259027
"villa",-0.125736836419217
"wester",-0.12573373191778
"tavern",-0.12571547364277
"mulberry",-0.125698575972284
"prefabricated",-0.125698285524189
"graven",-0.125694759415635
"hillside",-0.125679656022714
"stations",-0.125677075584151
"plugs",-0.125653710960028
"insulations",-0.125636748069198
"sakhalin",-0.125627316792478
"lush",-0.12561873535375
"carpentry",-0.125615643875109
"bangor",-0.125604509640138
"longshoot",-0.125597715735295
"decker",-0.125582079687187
"obc",-0.125579320601899
"comah",-0.125572178615914
"ofex",-0.125540947251478
"budgens",-0.125540904999195
"ascension",-0.1255198261936
"fixtures",-0.12549377993302
"lymington",-0.125491658843153
"dursley",-0.125481964154418
"enderby",-0.125468306011774
"land",-0.125465345204806
"calculator",-0.125462006799027
"fenchurch",-0.125461932983348
"lytham",-0.125444016843453
"dml",-0.125443093136738
"herbals",-0.125409251218534
"pumps",-0.125388279687638
"hinckley",-0.125383102062306
"tavistock",-0.12538069739956
"bournville",-0.125379364063945
"ormeau",-0.125379243736946
"bure",-0.125353211804626
"castlefield",-0.125348501600657
"dunsbury",-0.125348075800884
"mews",-0.125333511600487
"undertaker",-0.125332909185352
"unblighted",-0.125304557931446
"brewery",-0.12526221282692
"supplementary",-0.125228020728059
"cinemas",-0.125223311174039
"avionics",-0.12521468121277
"interval",-0.12519648342849
"itso",-0.125186070920218
"catheter",-0.125183620553955
"inventory",-0.125163613961642
"brockley",-0.125162439384215
"boilers",-0.125148870567548
"intel",-0.125147150455877
"twelfths",-0.125143774448859
"navigable",-0.125093335296791
"perimeter",-0.125083292359034
"tui",-0.125059849786246
"mer",-0.1250312682813
"coney",-0.125030626945798
"lynemouth",-0.125029550001151
"disembarkation",-0.125020438081783
"telescopes",-0.125016166431497
"mellon",-0.125001269088974
"dfds",-0.12499946949461
"machines",-0.124997125922592
"brierley",-0.12499687289373
"highway",-0.124988323024967
"spaceports",-0.124957407964386
"overhead",-0.124856325174003
"spires",-0.124850907590633
"stock",-0.124843910084785
"snowdon",-0.124834337111434
"warsash",-0.124824538194803
"logbook",-0.124795631371942
"gresley",-0.124795032248849
"fructose",-0.12479303081401
"carriers",-0.124781819631579
"albemarle",-0.124777702323086
"tifs",-0.124757841120034
"lake",-0.124746721569986
"distillery",-0.124742340219414
"bathing",-0.124740573559876
"mpas",-0.124739859087676
"galloper",-0.124737085476097
"abbey",-0.12472157244345
"supersonic",-0.124714944739274
"expiring",-0.124702735647252
"staplegrove",-0.124702337415491
"combinations",-0.124699040853197
"landfills",-0.124686733914393
"wickes",-0.124670796803597
"trawsfynydd",-0.124668591314578
"earthworks",-0.124656245898355
"bursledon",-0.124626958387509
"honington",-0.124624833129044
"holywood",-0.124613584451576
"listed",-0.124606674877263
"egress",-0.124600640356619
"wynyard",-0.124579362886037
"conservatoire",-0.124569315556403
"marton",-0.124549742009256
"iea",-0.124549228061406
"toner",-0.124546419185581
"etsu",-0.12454339907458
"hullavington",-0.124538467897504
"fishes",-0.124537788854343
"sizes",-0.124509729530249
"denser",-0.124499431892088
"silverstone",-0.124478195380018
"rolling",-0.124460421003311
"chinooks",-0.124448728920696
"buses",-0.124438412052196
"llyn",-0.124427818634781
"iger",-0.124410882687218
"crieff",-0.124397263851125
"freezer",-0.124395014380863
"langport",-0.124392795280299
"airwave",-0.124387259133593
"brooms",-0.124383054648088
"transformers",-0.124382299662251
"greggs",-0.124370886297609
"flegt",-0.124367228491849
"loops",-0.124366956228858
"pulses",-0.12436040786321
"items",-0.12434076747719
"redesigning",-0.124340294933111
"appraisals",-0.124324762268103
"drill",-0.124311346985222
"ducting",-0.124281256937378
"pilotage",-0.124278543601783
"axles",-0.124276902160565
"hangars",-0.124268093134823
"lighting",-0.124258592610713
"freestanding",-0.124255094623753
"stud",-0.124252550536988
"cjs",-0.124233336669551
"beult",-0.124213165461058
"log",-0.124198013520898
"tenby",-0.124184440952181
"sp",-0.124167432514057
"salix",-0.124153398761209
"loughor",-0.12413912325935
"botolph",-0.124097749243906
"roadstone",-0.124092844606846
"sluice",-0.124075461761279
"biggin",-0.124066445400672
"horizontal",-0.124052223952741
"standard",-0.12405147429549
"arak",-0.124049355984938
"pelagic",-0.124027316326042
"cycleways",-0.124024455200523
"landlines",-0.124004880514466
"remediating",-0.12400136907081
"caravans",-0.123986837646381
"collocated",-0.123984700726244
"quedgeley",-0.123975550731472
"transco",-0.123953100487021
"kirriemuir",-0.123950595139965
"trimdon",-0.123926613808601
"arqiva",-0.123914366110087
"rotor",-0.123906511467231
"chromium",-0.1239043952143
"queensferry",-0.123903960346725
"recycling",-0.123899367502066
"kilometre",-0.123890954958665
"consumable",-0.123890890716646
"fete",-0.123830330140946
"nike",-0.123816137683752
"sealift",-0.12380821600697
"dudson",-0.123785143235891
"infilling",-0.123763391482159
"portland",-0.123756694904396
"appropriations",-0.123737734610177
"accruals",-0.123724665793306
"agri",-0.123698554690252
"gofal",-0.123693561696386
"stanmore",-0.123678280653223
"mammography",-0.123659057275439
"mersea",-0.123636069785795
"minehead",-0.123623942463041
"contour",-0.123605603451833
"wholesaler",-0.123598277493588
"ostend",-0.12357018217582
"biobank",-0.123557910693181
"purley",-0.123543330841558
"fertiliser",-0.123542689057268
"mm",-0.123540789995068
"graphene",-0.123534813489452
"burnage",-0.123515306915003
"petec",-0.123502881265473
"waterside",-0.123498469160087
"comberton",-0.123489821854861
"ame",-0.123464523553078
"unst",-0.12343930602945
"kilobytes",-0.123417600487452
"cwdc",-0.123415715934231
"lawley",-0.123411532301613
"dlr",-0.123408653308688
"goldhawk",-0.123403025932943
"firth",-0.123386834998863
"caldon",-0.123372969126187
"fowey",-0.123363852503581
"surplus",-0.123326768177012
"pebble",-0.123311552087344
"malden",-0.123287992889219
"marchwood",-0.123283383170079
"nectar",-0.123277852638623
"kew",-0.123273981246637
"utc",-0.123265652825763
"stannington",-0.123248795613026
"marts",-0.12323995479194
"costcutter",-0.123205738962192
"currys",-0.123188975059924
"airtight",-0.123180991108756
"marvels",-0.123171400616458
"levies",-0.123161731898972
"betfred",-0.123158373341314
"abergavenny",-0.123148593350389
"woollen",-0.123136684549813
"montpelier",-0.1231197548755
"ag",-0.123116406098883
"fordingbridge",-0.123115508949821
"walled",-0.123098912175105
"portakabins",-0.123098668423584
"concourse",-0.123086841382144
"willows",-0.123079296958951
"goch",-0.123062324078252
"haulage",-0.123056319171655
"yachts",-0.123002311701188
"peg",-0.123001226659543
"refrigerator",-0.122978920761866
"manor",-0.122966779725503
"exmouth",-0.122920110608058
"mapping",-0.122915863278501
"portions",-0.122911827292649
"swanage",-0.122900247529639
"plus",-0.122886950223631
"airbnb",-0.122877515681766
"sail",-0.122875020592176
"aberystwyth",-0.122872890157479
"fawley",-0.122827648114134
"plankton",-0.122810743488016
"nhsx",-0.122796585190582
"pylons",-0.122709329213966
"optimisation",-0.122644403238715
"hunterston",-0.122638124752561
"bridgnorth",-0.122634594782623
"carriageways",-0.122609098821828
"navstar",-0.122599348100875
"fylingdales",-0.122592267443143
"skynet",-0.122591352388915
"ks",-0.122560520470089
"consignment",-0.122548793682472
"renewals",-0.122535423862638
"bulford",-0.122494835386891
"boulmer",-0.122489732228616
"quarry",-0.122460256798527
"granite",-0.122455825568426
"pdf",-0.122453555153422
"plasma",-0.122434911579204
"bracebridge",-0.122407562514268
"chivenor",-0.122367504441335
"cds",-0.122366228877224
"felixstowe",-0.122355682875102
"expressway",-0.122354387670116
"confectionery",-0.122344881045433
"motorways",-0.122339393731163
"replenishment",-0.122329106291305
"wrappers",-0.122295363523666
"hydroelectricity",-0.122280826207596
"nrw",-0.122278377439827
"nihr",-0.122251402549913
"rebating",-0.122245824367753
"dwellings",-0.122245694092162
"bridging",-0.122242132889356
"canal",-0.122238607281442
"porcelain",-0.122224744670315
"norcross",-0.122222401855686
"torus",-0.1222221347939
"branching",-0.122213826163564
"mainline",-0.122198426876519
"optimally",-0.122193250583481
"runways",-0.122183489766122
"portable",-0.122145044766932
"ge",-0.122138834747402
"lindsey",-0.122128800475398
"causeway",-0.122125422935105
"elkesley",-0.122118820519714
"bio",-0.122117662034785
"vo",-0.122080323063915
"registry",-0.122073033744598
"peterlee",-0.122038294032408
"toothill",-0.122023488918269
"galleys",-0.122013688794965
"cayenne",-0.122013392662876
"transportable",-0.122008461510196
"sur",-0.122007124331425
"eurostar",-0.121999302553623
"haverfordwest",-0.12198941962004
"catapult",-0.121985096165119
"shenley",-0.121979486108725
"foundry",-0.121974729241353
"baking",-0.12195928719584
"impermeable",-0.121949432252977
"culdrose",-0.121941704245697
"walkden",-0.121935049178843
"constructing",-0.121924532567772
"silvertown",-0.121922453793806
"mediacityuk",-0.121919875817436
"purification",-0.121914859738225
"lemington",-0.12191043001217
"caledonia",-0.121893186792802
"rerouting",-0.121871437622021
"spire",-0.121861529504577
"rotational",-0.121857130210434
"guildhall",-0.121855820354758
"rfid",-0.121855244907076
"cemetery",-0.12185366735414
"underwater",-0.121853353705085
"cromer",-0.121841805674431
"sediment",-0.121834950486934
"estuaries",-0.121831946478472
"heaters",-0.12181868194304
"basket",-0.121812138688406
"longley",-0.121800978703064
"covent",-0.121796611423868
"quota",-0.121768093493555
"nomis",-0.121746780603725
"designation",-0.121733911638284
"welborne",-0.121732836889919
"fitted",-0.121729440388578
"hainault",-0.121723268323089
"winsford",-0.121717616372011
"marske",-0.121705341505865
"belfairs",-0.121685098698118
"fairford",-0.121682710014294
"blagdon",-0.121677912266645
"sheepmeat",-0.121675243196127
"zb",-0.121665903150933
"blends",-0.121657179314207
"roofed",-0.121655417904981
"materials",-0.121634461734737
"boutique",-0.121593030229159
"stadia",-0.121569824527993
"seeda",-0.121541296813628
"r",-0.121538754400439
"cdm",-0.121526530330465
"bijou",-0.121500542280597
"producer",-0.121490377016579
"donington",-0.121485124812036
"rasen",-0.121485018454652
"undiscounted",-0.121468233988046
"arbroath",-0.121462236067509
"pye",-0.121461216653879
"leiden",-0.121460745265327
"antwerp",-0.121452128676028
"transportation",-0.121445257586915
"coca",-0.121434414401307
"llandrillo",-0.121430176971933
"auctioning",-0.121421813812857
"centrax",-0.121411135738422
"effluent",-0.121405496438136
"diy",-0.12139122578796
"nps",-0.121378203292373
"kwh",-0.121360103862209
"peabody",-0.121309846448498
"cannons",-0.12130247045995
"brittany",-0.12128177824343
"ch",-0.121271621831853
"quarries",-0.121203102936909
"bids",-0.121179202580252
"sita",-0.12117476291814
"acquisition",-0.121163516783327
"hlos",-0.121162781984849
"benwell",-0.121161386289315
"babylon",-0.121135913441907
"mill",-0.12112799018886
"wheelie",-0.121115635922704
"cvf",-0.121110283960737
"deco",-0.121097139358677
"newtown",-0.121074433387566
"crater",-0.121072190523156
"pathfinder",-0.121070016767892
"ribchester",-0.121031765715867
"crosscountry",-0.121030198624771
"supplement",-0.121030005736292
"cae",-0.121017155507078
"spruce",-0.120998762369428
"keele",-0.120990971623258
"sandbags",-0.120973360842868
"vatable",-0.120971282981363
"swanley",-0.120948738061309
"tractors",-0.120938929021782
"cranbrook",-0.120930877259495
"sourced",-0.120899539361204
"specifying",-0.120881019304065
"comprising",-0.120876653581913
"lavender",-0.120875857531965
"kuapa",-0.120835773360381
"owns",-0.120832202977247
"barcode",-0.120813034311386
"daedalus",-0.120757110131399
"killingholme",-0.120752504339605
"aol",-0.120748630438176
"ruhr",-0.120733730061518
"routes",-0.120727769021863
"upgrades",-0.120691382965302
"welmore",-0.120672910556098
"maplin",-0.120644293940907
"cream",-0.120636729549866
"salon",-0.120615108050089
"pelican",-0.120612626348566
"jca",-0.12060400604339
"ssbn",-0.120599597341012
"kenton",-0.120578043973838
"lorries",-0.120563928334299
"mmo",-0.120556922564845
"expo",-0.120548061378212
"illuminations",-0.120542640666695
"bullion",-0.120541324141241
"injectors",-0.120540920207549
"rotterdam",-0.12053109198963
"kiosk",-0.120517782775007
"theatre",-0.120516294231249
"infrared",-0.120504825754497
"ponds",-0.120493600831393
"leyland",-0.120491068521195
"gosfield",-0.120488832867298
"berthing",-0.120458335118753
"vehicle",-0.120416695201896
"woodside",-0.120398326137077
"gold",-0.120393267674423
"westgate",-0.120375217587553
"remitted",-0.120360518907891
"tithe",-0.120356630140099
"speciality",-0.120352428095908
"gwh",-0.120330683119769
"warship",-0.120306045192194
"storage",-0.120302082638172
"stowmarket",-0.120294470643825
"dye",-0.120292041506677
"pd",-0.12029037424143
"lorry",-0.12027266927007
"emission",-0.120268045052424
"agustawestland",-0.120252052253951
"drovers",-0.120242228275731
"liquid",-0.120236373654324
"chapeltown",-0.120234667398714
"stilton",-0.120221337977299
"telephony",-0.120195171617166
"valuation",-0.120187506997094
"burslem",-0.120184454672827
"dy",-0.120183705070141
"portal",-0.120173820212941
"cisco",-0.12016212179847
"greenland",-0.120132878206233
"intensives",-0.120119106349598
"yarrow",-0.120118690614553
"nevada",-0.120105523946141
"yearly",-0.120099488343001
"lpc",-0.120085340994566
"plumbing",-0.120047480128377
"queenborough",-0.120042633077785
"ro",-0.120032572753405
"prosthetics",-0.120029262076804
"matlock",-0.120026587087378
"rom",-0.119982530238776
"langeled",-0.119980206499243
"bathroom",-0.119967760208987
"menus",-0.119959193686154
"decontamination",-0.119953406063727
"wilts",-0.119944929556181
"intermediate",-0.119939115966003
"lizard",-0.119938514628161
"kingfisher",-0.119935884787876
"gigawatt",-0.11991898829051
"subcontract",-0.119894698841821
"yd",-0.119892308095782
"triennial",-0.119849457831851
"topcliffe",-0.119832138620524
"reme",-0.119776063545199
"sssi",-0.119772576016488
"atm",-0.119742640360988
"comet",-0.119741408556972
"circumference",-0.119735326304694
"gretna",-0.119711148901844
"fr",-0.119696470825212
"replant",-0.119694439417115
"cairngorms",-0.119688097316482
"savoy",-0.119686656958835
"rail",-0.119672013623955
"porth",-0.119671246585436
"coll",-0.119661670260717
"hoxton",-0.119644321820422
"envelope",-0.119640282059417
"trains",-0.119632168409184
"barnabas",-0.119605171853903
"flimwell",-0.119601428192057
"tan",-0.119596650368367
"bowling",-0.119577205279118
"burnaston",-0.119571296403698
"kebab",-0.119553191878288
"airframe",-0.119527131011869
"argent",-0.119526149035489
"telematics",-0.119518403590947
"adjustable",-0.119462855827239
"tesla",-0.119457683752384
"robot",-0.119429128440688
"tubes",-0.119421991912571
"ty",-0.119398683241437
"royces",-0.119392022580198
"fal",-0.119367156894481
"parks",-0.119366488746438
"rpg",-0.119364870205346
"chapel",-0.119332611098829
"facsimile",-0.119326764862607
"technium",-0.119298037831683
"hydrofluorocarbons",-0.119263831128283
"downham",-0.119237175260115
"cymmer",-0.119234853188628
"bays",-0.119225003464154
"freshwater",-0.119219522099147
"giessen",-0.119214533807148
"horserace",-0.119209507241477
"procured",-0.119204489818784
"aberporth",-0.119189418318643
"aggregates",-0.119188191311716
"catapults",-0.119181650523762
"splash",-0.119167393439729
"forthside",-0.119142361910123
"lilleshall",-0.119121751708592
"ashington",-0.11911077036252
"marine",-0.119108923409471
"rossington",-0.119106333626122
"rivet",-0.119096165539497
"breakwater",-0.119076220083908
"dispenses",-0.119072553352003
"ecotec",-0.119067179948838
"tesco",-0.119057424931802
"limits",-0.11903716852949
"petrochemicals",-0.119034319555376
"merchandising",-0.119029095907985
"cassette",-0.119018180361785
"substation",-0.119015956936857
"operates",-0.119015459237352
"brokerage",-0.119007638199422
"web",-0.119003308713519
"maltings",-0.118993895426074
"slice",-0.118986375126071
"vehicles",-0.118977515163108
"handrails",-0.118976451514583
"falcon",-0.118975258777447
"f",-0.118920745886291
"saintfield",-0.118914131647317
"participations",-0.118910515009731
"tracks",-0.118908561704921
"blend",-0.118904935992253
"stream",-0.118900372730009
"bakeries",-0.118896189369126
"lairage",-0.118891408526027
"measurements",-0.118886401822928
"density",-0.118872193864005
"recommissioned",-0.118868273705188
"beauly",-0.11886559718309
"leonardo",-0.118787430769966
"rgf",-0.11877759164171
"ka",-0.11877290850976
"wedged",-0.118762154256012
"nailsworth",-0.118737329558958
"misbourne",-0.118729889667604
"teign",-0.118722221446513
"cottesmore",-0.118713144688013
"campsite",-0.11870280323982
"residuary",-0.118692007018728
"trotters",-0.118688468798072
"plates",-0.118684057083038
"michelin",-0.1186664222656
"playgroup",-0.118656471027692
"stourport",-0.118654445963604
"contract",-0.118648501884144
"footprint",-0.118636811281442
"booking",-0.118629078440179
"licensed",-0.118624825214137
"slimline",-0.118608654624604
"machrihanish",-0.118599483623453
"remittance",-0.118598784579059
"nene",-0.11857891342033
"chickenhall",-0.118578129630966
"catering",-0.11856310906356
"kielder",-0.118544258880431
"cleeve",-0.11853233499023
"transit",-0.11852501988184
"erdf",-0.118515314776684
"radiocommunications",-0.118514815668172
"castings",-0.118508296367969
"uls",-0.118465465755301
"laboratories",-0.118455612920119
"cricklewood",-0.118454512339456
"chelmer",-0.118453090488738
"tradable",-0.118445594358837
"cutlery",-0.118429113141251
"pylon",-0.118427441471017
"competitions",-0.1184138322008
"sample",-0.118408828028183
"emits",-0.118385379672466
"barns",-0.118367231618161
"excepted",-0.118345989900838
"composting",-0.118314659432391
"colonsay",-0.118284526173659
"huts",-0.118279229533211
"netley",-0.118277188355526
"processing",-0.118258237406213
"coyote",-0.118256872508527
"computing",-0.118249767039856
"barnacles",-0.118234388315755
"provisioning",-0.118233992207268
"portishead",-0.118229444246846
"tass",-0.118226796341337
"bredbury",-0.11821248669665
"kilo",-0.118204730548098
"clyde",-0.118199823488993
"shingle",-0.118189911451598
"curves",-0.118177036624476
"wipes",-0.118156684805894
"cargo",-0.118152667582502
"monthly",-0.118145542585805
"hubs",-0.118142747276069
"dalston",-0.118139349961407
"size",-0.118137120305912
"complexes",-0.118125995442919
"dunston",-0.118100050308296
"pumas",-0.118099896892097
"br",-0.118075680556326
"thorp",-0.118065571923164
"hams",-0.118050470094233
"barn",-0.118049664509831
"lackenby",-0.118031714378455
"alterations",-0.118030981520708
"designations",-0.118011479978041
"evergreen",-0.117994685682822
"ridge",-0.117991480731846
"fittings",-0.117990770290374
"touring",-0.117984623274527
"bookings",-0.117977584683657
"masts",-0.117977425393037
"northbound",-0.117970074089767
"barlaston",-0.117946112734368
"mor",-0.117939844203251
"defibrillator",-0.117936285245027
"moors",-0.117914953568883
"dun",-0.117893428846815
"refilling",-0.117866882589002
"aruba",-0.117843042508587
"ee",-0.117836378453403
"breeam",-0.117834309827073
"pitches",-0.117829169507826
"chimney",-0.117813634697375
"logo",-0.117792075622845
"gym",-0.117768693043907
"octavia",-0.11775893411755
"derwent",-0.117748036652935
"jeep",-0.117745696793349
"plumpton",-0.11771561715705
"horizontally",-0.117704336675507
"tanker",-0.117701817046926
"brookfield",-0.117697335449386
"cubic",-0.117693565320603
"capitation",-0.117691189876639
"westcliff",-0.117680547548303
"stapleford",-0.117671606679524
"loo",-0.117627243165032
"ullapool",-0.117612269670579
"lifeguards",-0.117605940448332
"aggregate",-0.11759699449571
"checkout",-0.117588146641757
"combi",-0.117585423096282
"ennerdale",-0.117563126821295
"highways",-0.117547635155399
"digestion",-0.1175387775688
"bidders",-0.117530004630428
"rental",-0.11750194640001
"heanor",-0.117501024605646
"mothballing",-0.11749353537473
"scrabster",-0.117493238530685
"buxton",-0.117463012164478
"bearings",-0.117452308557557
"chip",-0.1174507638652
"scotswood",-0.117434951575006
"claremont",-0.117425054783807
"harmonised",-0.117418284523708
"route",-0.117392052383391
"broadwater",-0.117390257765365
"witton",-0.117383716948951
"mitie",-0.11735922224127
"cromarty",-0.117324530693584
"cassettes",-0.117321984893595
"greenhithe",-0.117321323059658
"fairgrounds",-0.117318539736937
"pan",-0.117310259674414
"specify",-0.117296609919965
"newest",-0.117286233794953
"transfer",-0.117242676332392
"drills",-0.117242254186227
"exchangers",-0.117239075674452
"drainage",-0.117238970926192
"tiles",-0.117237689505346
"wearable",-0.117237292049743
"permits",-0.117216312330954
"pensnett",-0.117214354900682
"amld",-0.117210804972324
"polyhalite",-0.117206755519289
"scanners",-0.117206614728726
"hoses",-0.117173728250587
"skiers",-0.11716051046615
"funnel",-0.117147913983715
"icing",-0.117144297500462
"evaluates",-0.117126199245322
"merseyrail",-0.117120343266755
"pbas",-0.117110970432959
"cheapest",-0.117100655158984
"park",-0.117096106356842
"equivalent",-0.11709193153715
"commercialising",-0.117091184009147
"lounge",-0.117087676084019
"fastershire",-0.117077663908505
"mercedes",-0.117047080289066
"landmass",-0.117043901047632
"belford",-0.11704204090309
"hoylake",-0.117040668158627
"scooters",-0.117027125874988
"abb",-0.117017647514374
"romiley",-0.116987344894943
"apperley",-0.116983972434998
"shore",-0.116979539912491
"cardiology",-0.116942210429758
"portmeirion",-0.116934318740792
"qualifying",-0.116930483049746
"alfreton",-0.116925413050988
"nerc",-0.11690341910728
"kandak",-0.116887311696051
"auxiliary",-0.116881716238636
"aire",-0.116860855001309
"charging",-0.11685220793558
"degradable",-0.116848253578068
"wyndham",-0.116830285480601
"reimbursement",-0.116814657842882
"tring",-0.116807682404834
"seafoods",-0.116804574074243
"polytechnic",-0.116771176000701
"warranties",-0.116766490568338
"vattenfall",-0.116764274569259
"knowle",-0.116763187814864
"technology",-0.116749317052684
"bircham",-0.116725578149744
"hurworth",-0.116718992577316
"riviera",-0.116706684854027
"catalytic",-0.116706024500321
"dawley",-0.116667506154228
"payload",-0.116658105107285
"vans",-0.116651487947475
"golf",-0.116634953057476
"appliances",-0.116621627727408
"yellow",-0.116619856553522
"spa",-0.116594858523082
"glazed",-0.116581027055099
"equivalents",-0.116575863544281
"echa",-0.116536720888963
"accelerators",-0.116529430049398
"harworth",-0.1165269234328
"mra",-0.116525617464564
"curdworth",-0.116524196683073
"tregaron",-0.116522468650506
"arrays",-0.116503430192716
"catheterisation",-0.116502777679638
"boating",-0.116500637030286
"swadlincote",-0.11649845295234
"postcodes",-0.116497446175919
"hut",-0.116491272004685
"mixer",-0.116490579930827
"heathfield",-0.116483382922212
"packaged",-0.116481655823889
"iberian",-0.11647476258051
"appraisal",-0.116468201966531
"montrose",-0.116464269457144
"fabrics",-0.11646030265086
"hemlington",-0.116448374433896
"floors",-0.116437207508752
"cryptographic",-0.116434367763172
"libre",-0.116433471564155
"transits",-0.116422328130106
"glasshouses",-0.116417838615843
"loci",-0.116414809498182
"fetch",-0.116414225470265
"repurposing",-0.116407972635253
"cottage",-0.11640506334445
"stationery",-0.116400250253433
"triton",-0.1163996763883
"launceston",-0.116396251437603
"annually",-0.116393229187586
"map",-0.116390318748799
"reusing",-0.116386456849444
"model",-0.116372045989138
"asphalt",-0.116370161270991
"delivery",-0.116368884802346
"landscaped",-0.116360172957655
"underutilised",-0.116358482352354
"durations",-0.116358129141103
"pallets",-0.116355405386993
"portfolios",-0.11633612260409
"oldchurch",-0.116331222224403
"flamanville",-0.116320326426104
"modulated",-0.116304324019208
"oda",-0.116299764468814
"supacat",-0.116296582043987
"tiree",-0.116279226241015
"node",-0.11627248676674
"bulwell",-0.116272001133919
"directive",-0.116237309961774
"mhra",-0.116236885472292
"nasa",-0.116231675940261
"mittelstand",-0.116229124212306
"musselburgh",-0.116216005898192
"nearby",-0.116206001533136
"busiest",-0.116203652427542
"aerials",-0.116198492258831
"rawtenstall",-0.116183699413963
"scaffolding",-0.116168112025635
"ucc",-0.116162821130412
"plaitford",-0.116132631383603
"dorchester",-0.116120315216077
"sorn",-0.116117933832067
"fyne",-0.116114346746675
"trams",-0.116107175771916
"changeover",-0.116081731666455
